<?xml version="1.0" encoding="UTF-8"?>
<project-private xmlns="http://www.netbeans.org/ns/project-private/1">
    <editor-bookmarks xmlns="http://www.netbeans.org/ns/editor-bookmarks/2" lastBookmarkId="0"/>
    <open-files xmlns="http://www.netbeans.org/ns/projectui-open-files/2">
        <group>
            <file>file:/Users/asty/Dropbox/NTNU/Undervisning/IDATA1001%20Programmering%201/2020H/Eksamen/Ordiner%20-%20Arne/Code/Solution/CovidStatsApplication/CovidStatsApp-Netbeans/src/CovidLocationStats.java</file>
            <file>file:/Users/asty/Dropbox/NTNU/Undervisning/IDATA1001%20Programmering%201/2020H/Eksamen/Ordiner%20-%20Arne/Code/Solution/CovidStatsApplication/CovidStatsApp-Netbeans/src/CovidStatsUI.java</file>
            <file>file:/Users/asty/Dropbox/NTNU/Undervisning/IDATA1001%20Programmering%201/2020H/Eksamen/Ordiner%20-%20Arne/Code/Solution/CovidStatsApplication/CovidStatsApp-Netbeans/src/CovidStatsRegister.java</file>
        </group>
    </open-files>
</project-private>
